provinsi,tanggal,harga_prediksi,stok_beras_ton,jumlah_bencana,jumlah_curah_hujan,cluster_kmeans,anomaly_isolation_forest
ACEH,2025-07-01,13935.928,31401.04836,22,83.6,0,1
ACEH,2025-08-01,13847.503,47309.03898,18,103.9,0,1
ACEH,2025-09-01,13927.69,56770.84678,12,30130.9,1,-1
ACEH,2025-10-01,13892.301,94618.07796,12,10309.4,1,-1
ACEH,2025-11-01,13898.455,94618.07796,14,118.4,0,1
ACEH,2025-12-01,13858.294,37847.23118,6,196.6,0,1
ACEH,2026-01-01,13895.049,37847.23118,7,427.4,0,1
ACEH,2026-02-01,13913.597,43791.35256,7,363.1,0,1
ACEH,2026-03-01,13953.195,61321.10847,8,10120.0,1,-1
ACEH,2026-04-01,14087.029,173646.57,10,10162.6,1,-1
ACEH,2026-05-01,14064.913,173175.1721,2,174.1,0,1
ACEH,2026-06-01,14023.492,89184.54163,7,139.6,0,1
BALI,2025-07-01,15275.642,32779.18501,1,214.9,0,1
BALI,2025-08-01,15118.022,18110.99048,0,52.8,0,1
BALI,2025-09-01,15243.973,21733.18857,4,9.7,0,1
BALI,2025-10-01,15236.925,36221.98095,7,51.8,0,1
BALI,2025-11-01,15160.865,36221.98095,7,108.8,0,1
BALI,2025-12-01,15120.47,14488.79238,3,166.4,0,1
BALI,2026-01-01,15133.362,14488.79238,9,730.9,0,1
BALI,2026-02-01,15252.1045,25388.20104,6,575.9,0,1
BALI,2026-03-01,16112.032,17878.81142,7,432.9,0,1
BALI,2026-04-01,16158.6455,30318.10526,11,268.1,0,1
BALI,2026-05-01,15774.64,25830.94508,0,73.5,0,1
BALI,2026-06-01,15646.711,48546.90648,1,111.4,0,1
BANTEN,2025-07-01,14672.812,40416.69185,6,282.1,0,1
BANTEN,2025-08-01,14733.315,44192.76861,4,112.0,0,1
BANTEN,2025-09-01,14839.229,53031.32233,2,21.8,0,1
BANTEN,2025-10-01,14636.847,88385.53722,4,104.9,0,1
BANTEN,2025-11-01,14612.627,88385.53722,3,16.6,0,1
BANTEN,2025-12-01,14601.29,35354.21489,12,171.4,0,1
BANTEN,2026-01-01,14737.711,35354.21489,18,294.4,0,1
BANTEN,2026-02-01,14672.305,12000.92542,10,505.3,0,1
BANTEN,2026-03-01,15443.84,81128.75473,8,199.1,0,1
BANTEN,2026-04-01,15403.234,230219.7599,7,10293.9,1,-1
BANTEN,2026-05-01,14951.133,174341.3017,5,119.8,0,1
BANTEN,2026-06-01,14830.051,38842.36345,4,189.0,0,1
BENGKULU,2025-07-01,15256.193,8449.611427,0,159.4,0,1
BENGKULU,2025-08-01,15235.969,7776.183675,3,217.6,0,1
BENGKULU,2025-09-01,15287.033,9331.42041,1,14.2,0,1
BENGKULU,2025-10-01,15320.459,15552.36735,2,109.1,0,1
BENGKULU,2025-11-01,15255.208,15552.36735,1,83.7,0,1
BENGKULU,2025-12-01,15287.249,6220.94694,1,277.6,0,1
BENGKULU,2026-01-01,15282.956,6220.94694,1,491.9,0,1
BENGKULU,2026-02-01,15275.163,15958.14458,0,373.5,0,1
BENGKULU,2026-03-01,16011.222,10437.81988,1,303.6,0,1
BENGKULU,2026-04-01,16046.291,17283.73686,0,361.7,0,1
BENGKULU,2026-05-01,15825.168,21746.75658,0,212.0,0,1
BENGKULU,2026-06-01,15782.212,23497.80203,5,132.6,0,1
DI YOGYAKARTA,2025-07-01,14344.917,32233.70897,0,136.0,0,1
DI YOGYAKARTA,2025-08-01,14231.173,12905.70545,0,19.3,0,1
DI YOGYAKARTA,2025-09-01,14386.344,15486.84653,0,10.0,0,1
DI YOGYAKARTA,2025-10-01,14354.247,25811.41089,0,79.7,0,1
DI YOGYAKARTA,2025-11-01,14270.797,25811.41089,0,42.0,0,1
DI YOGYAKARTA,2025-12-01,14265.133,10324.56436,0,492.8,0,1
DI YOGYAKARTA,2026-01-01,14293.822,10324.56436,0,420.1,0,1
DI YOGYAKARTA,2026-02-01,14364.542,20490.2592,0,326.7,0,1
DI YOGYAKARTA,2026-03-01,14623.297,70625.96417,0,231.4,0,1
DI YOGYAKARTA,2026-04-01,14594.573,53525.80174,0,605.5,0,1
DI YOGYAKARTA,2026-05-01,14574.422,32504.68297,0,213.0,0,1
DI YOGYAKARTA,2026-06-01,14586.835,17604.27726,0,514.1,0,1
DKI JAKARTA,2025-07-01,15771.636,12.07740772,0,82.4,0,1
DKI JAKARTA,2025-08-01,15912.08,65.73639,2,102.4,0,1
DKI JAKARTA,2025-09-01,16119.717,78.883668,0,1.5,0,1
DKI JAKARTA,2025-10-01,16057.996,131.47278,1,77.8,0,1
DKI JAKARTA,2025-11-01,15975.179,131.47278,1,94.3,0,1
DKI JAKARTA,2025-12-01,15951.6455,52.589112,4,60.0,0,1
DKI JAKARTA,2026-01-01,16071.025,52.589112,0,246.9,0,1
DKI JAKARTA,2026-02-01,16129.852,66.79640538,4,368.9,0,1
DKI JAKARTA,2026-03-01,16251.751,0.0,2,203.2,0,1
DKI JAKARTA,2026-04-01,16399.06,0.0,7,138.7,0,1
DKI JAKARTA,2026-05-01,16380.133,10.03032546,1,261.1,0,1
DKI JAKARTA,2026-06-01,16321.53,30.28732341,4,192.7,0,1
GORONTALO,2025-07-01,14837.283,11033.94062,5,219.4,0,1
GORONTALO,2025-08-01,14734.308,6693.59208,7,229.2,0,1
GORONTALO,2025-09-01,14646.613,8032.310496,3,68.0,0,1
GORONTALO,2025-10-01,14753.094,13387.18416,0,39.2,0,1
GORONTALO,2025-11-01,14733.193,13387.18416,1,97.7,0,1
GORONTALO,2025-12-01,14623.005,5354.873664,2,203.4,0,1
GORONTALO,2026-01-01,14646.961,5354.873664,1,130.2,0,1
GORONTALO,2026-02-01,14613.402,10152.6273,13,165.7,0,1
GORONTALO,2026-03-01,15328.014,24554.04137,2,80.1,0,1
GORONTALO,2026-04-01,15336.332,24440.16064,7,230.7,0,1
GORONTALO,2026-05-01,15179.543,10834.69535,3,106.2,0,1
GORONTALO,2026-06-01,15067.657,5097.985233,2,70.6,0,1
JAMBI,2025-07-01,15189.066,21135.00227,1,78.3,0,1
JAMBI,2025-08-01,15101.737,8009.128425,19,37.0,0,1
JAMBI,2025-09-01,15187.896,9610.95411,35,66.2,0,1
JAMBI,2025-10-01,15153.423,16018.25685,15,196.1,0,1
JAMBI,2025-11-01,15220.081,16018.25685,13,135.3,0,1
JAMBI,2025-12-01,15118.459,6407.30274,4,313.4,0,1
JAMBI,2026-01-01,15125.264,6407.30274,2,131.4,0,1
JAMBI,2026-02-01,15118.947,15938.16265,12,221.3,0,1
JAMBI,2026-03-01,15714.679,16022.4724,6,288.8,0,1
JAMBI,2026-04-01,15905.802,20276.76652,10,303.4,0,1
JAMBI,2026-05-01,15971.087,18618.00138,1,239.4,0,1
JAMBI,2026-06-01,15888.817,17074.5272,0,280.4,0,1
JAWA BARAT,2025-07-01,14569.58,376179.4337,22,59.4,2,1
JAWA BARAT,2025-08-01,14547.266,245866.0774,21,107.4,0,1
JAWA BARAT,2025-09-01,14515.771,295039.2929,22,0.7,0,1
JAWA BARAT,2025-10-01,14600.44,491732.1549,34,43.0,2,1
JAWA BARAT,2025-11-01,14529.776,491732.1549,35,0.4,2,1
JAWA BARAT,2025-12-01,14570.173,196692.8619,97,234.3,2,1
JAWA BARAT,2026-01-01,14622.031,196692.8619,44,261.1,2,1
JAWA BARAT,2026-02-01,14628.154,215066.1667,58,505.6,2,1
JAWA BARAT,2026-03-01,15011.449,263720.8352,59,405.3,2,1
JAWA BARAT,2026-04-01,14867.628,708566.2541,65,515.6,2,-1
JAWA BARAT,2026-05-01,14795.132,808032.4711,41,292.0,2,-1
JAWA BARAT,2026-06-01,14765.981,647596.1996,49,201.4,2,-1
JAWA TENGAH,2025-07-01,14700.216,456577.4686,10,187.0,2,1
JAWA TENGAH,2025-08-01,14564.477,253401.9659,11,6.2,0,1
JAWA TENGAH,2025-09-01,14586.992,304082.3591,27,9.9,2,1
JAWA TENGAH,2025-10-01,14619.8,506803.9319,17,206.0,2,1
JAWA TENGAH,2025-11-01,14583.319,506803.9319,9,134.9,2,1
JAWA TENGAH,2025-12-01,14577.248,202721.5727,26,675.4,0,1
JAWA TENGAH,2026-01-01,14595.02,202721.5727,29,513.9,0,1
JAWA TENGAH,2026-02-01,14635.021,114332.6965,54,454.0,0,1
JAWA TENGAH,2026-03-01,15081.295,489963.7991,31,311.0,2,1
JAWA TENGAH,2026-04-01,15014.188,1196866.311,26,231.1,2,-1
JAWA TENGAH,2026-05-01,14694.803,770933.9239,19,40.3,2,-1
JAWA TENGAH,2026-06-01,14628.501,279400.7579,29,524.1,0,1
JAWA TIMUR,2025-07-01,14268.95,470128.7889,9,218.5,2,1
JAWA TIMUR,2025-08-01,14320.788,264207.4058,15,50.9,0,1
JAWA TIMUR,2025-09-01,14314.551,317048.8869,61,3.1,2,1
JAWA TIMUR,2025-10-01,14835.445,528414.8115,70,0.1,2,-1
JAWA TIMUR,2025-11-01,14686.928,528414.8115,46,54.6,2,1
JAWA TIMUR,2025-12-01,14676.119,211365.9246,44,215.7,2,1
JAWA TIMUR,2026-01-01,14696.8955,211365.9246,62,596.5,2,1
JAWA TIMUR,2026-02-01,14662.686,223487.7157,58,673.7,2,1
JAWA TIMUR,2026-03-01,15213.608,333123.0105,45,154.7,2,1
JAWA TIMUR,2026-04-01,14960.295,1188543.363,51,330.1,2,-1
JAWA TIMUR,2026-05-01,14738.054,1064645.156,10,10166.0,1,-1
JAWA TIMUR,2026-06-01,14610.977,426716.251,34,366.4,2,1
KALIMANTAN BARAT,2025-07-01,16356.8,17325.01803,1,236.5,0,1
KALIMANTAN BARAT,2025-08-01,16398.281,21796.34828,4,154.1,0,1
KALIMANTAN BARAT,2025-09-01,16395.295,26155.61793,9,370.5,0,1
KALIMANTAN BARAT,2025-10-01,16401.95,43592.69655,7,267.4,0,1
KALIMANTAN BARAT,2025-11-01,16447.316,43592.69655,7,337.2,0,1
KALIMANTAN BARAT,2025-12-01,16489.873,17437.07862,9,343.9,0,1
KALIMANTAN BARAT,2026-01-01,16458.36,17437.07862,5,252.3,0,1
KALIMANTAN BARAT,2026-02-01,16406.451,45663.04198,9,369.3,0,1
KALIMANTAN BARAT,2026-03-01,16851.912,75926.65818,1,165.8,0,1
KALIMANTAN BARAT,2026-04-01,16942.367,90732.16715,10,361.9,0,1
KALIMANTAN BARAT,2026-05-01,16760.98,49038.22589,1,177.6,0,1
KALIMANTAN BARAT,2026-06-01,16621.863,16419.20405,1,170.3,0,1
KALIMANTAN SELATAN,2025-07-01,17098.617,43463.17199,1,188.7,0,1
KALIMANTAN SELATAN,2025-08-01,17078.527,29342.68601,3,139.3,0,1
KALIMANTAN SELATAN,2025-09-01,17282.137,35211.22321,1,16.2,0,1
KALIMANTAN SELATAN,2025-10-01,17148.104,58685.37201,3,34.4,0,1
KALIMANTAN SELATAN,2025-11-01,17033.98,58685.37201,2,106.4,0,1
KALIMANTAN SELATAN,2025-12-01,16945.19,23474.1488,1,437.1,0,1
KALIMANTAN SELATAN,2026-01-01,16993.355,23474.1488,3,358.1,0,1
KALIMANTAN SELATAN,2026-02-01,16670.238,1193.094067,16,683.5,0,1
KALIMANTAN SELATAN,2026-03-01,16804.613,9063.041404,4,306.0,0,1
KALIMANTAN SELATAN,2026-04-01,17156.105,28940.03985,9,341.4,0,1
KALIMANTAN SELATAN,2026-05-01,17299.777,66458.54109,2,268.6,0,1
KALIMANTAN SELATAN,2026-06-01,17282.658,76408.84884,3,64.5,0,1
KALIMANTAN TENGAH,2025-07-01,17512.646,6937.956005,5,175.9,0,1
KALIMANTAN TENGAH,2025-08-01,17710.838,10435.18437,6,52.7,0,1
KALIMANTAN TENGAH,2025-09-01,18168.629,12522.22124,2,10174.5,1,-1
KALIMANTAN TENGAH,2025-10-01,18361.076,20870.36874,3,118.3,0,1
KALIMANTAN TENGAH,2025-11-01,18219.697,20870.36874,6,154.3,0,1
KALIMANTAN TENGAH,2025-12-01,18168.74,8348.147496,7,479.9,0,1
KALIMANTAN TENGAH,2026-01-01,18272.535,8348.147496,2,10474.4,1,-1
KALIMANTAN TENGAH,2026-02-01,18276.055,1577.961819,8,310.7,0,1
KALIMANTAN TENGAH,2026-03-01,18209.178,16913.32712,10,337.1,0,1
KALIMANTAN TENGAH,2026-04-01,18464.877,35030.96075,14,10489.7,1,-1
KALIMANTAN TENGAH,2026-05-01,18478.557,16492.92694,4,10615.3,1,-1
KALIMANTAN TENGAH,2026-06-01,18389.295,18673.83468,5,10406.4,1,-1
KALIMANTAN TIMUR,2025-07-01,16031.748,2142.506344,0,65.4,0,1
KALIMANTAN TIMUR,2025-08-01,16010.574,7114.82265,13,62.6,0,1
KALIMANTAN TIMUR,2025-09-01,16006.942,8537.78718,14,54.2,0,1
KALIMANTAN TIMUR,2025-10-01,15968.041,14229.6453,24,377.7,0,1
KALIMANTAN TIMUR,2025-11-01,15976.418,14229.6453,20,155.8,0,1
KALIMANTAN TIMUR,2025-12-01,16014.943,5691.85812,10,267.9,0,1
KALIMANTAN TIMUR,2026-01-01,16091.56,5691.85812,4,228.2,0,1
KALIMANTAN TIMUR,2026-02-01,16018.095,523.3089903,13,374.6,0,1
KALIMANTAN TIMUR,2026-03-01,16255.511,8975.194377,5,356.4,0,1
KALIMANTAN TIMUR,2026-04-01,16335.524,41464.39028,4,243.7,0,1
KALIMANTAN TIMUR,2026-05-01,16128.204,25407.16173,6,138.8,0,1
KALIMANTAN TIMUR,2026-06-01,16010.825,6057.912223,10,217.5,0,1
KALIMANTAN UTARA,2025-07-01,16682.85,992.9492423,0,355.2,0,1
KALIMANTAN UTARA,2025-08-01,16628.652,857.273445,3,397.5,0,1
KALIMANTAN UTARA,2025-09-01,16657.525,1028.728134,0,273.6,0,1
KALIMANTAN UTARA,2025-10-01,16679.672,1714.54689,2,153.6,0,1
KALIMANTAN UTARA,2025-11-01,16676.39,1714.54689,1,306.6,0,1
KALIMANTAN UTARA,2025-12-01,16688.527,685.818756,0,199.1,0,1
KALIMANTAN UTARA,2026-01-01,16656.105,685.818756,1,348.8,0,1
KALIMANTAN UTARA,2026-02-01,16574.277,3226.850125,5,431.1,0,1
KALIMANTAN UTARA,2026-03-01,16711.152,4231.882594,2,282.0,0,1
KALIMANTAN UTARA,2026-04-01,16727.59,2225.11754,2,233.3,0,1
KALIMANTAN UTARA,2026-05-01,16696.227,2942.492518,0,231.3,0,1
KALIMANTAN UTARA,2026-06-01,16685.293,1265.469833,4,196.0,0,1
KEPULAUAN BANGKA BELITUNG,2025-07-01,-12.814662,905.7893076,0,0.0,0,-1
KEPULAUAN BANGKA BELITUNG,2025-08-01,137.79039,2208.459015,1,66.4,0,1
KEPULAUAN BANGKA BELITUNG,2025-09-01,271.20026,2650.150818,7,32.8,0,-1
KEPULAUAN BANGKA BELITUNG,2025-10-01,257.27805,4416.91803,7,70.4,0,1
KEPULAUAN BANGKA BELITUNG,2025-11-01,291.74362,4416.91803,5,70.3,0,1
KEPULAUAN BANGKA BELITUNG,2025-12-01,97.46298,1766.767212,1,224.6,0,1
KEPULAUAN BANGKA BELITUNG,2026-01-01,101.837585,1766.767212,0,131.5,0,-1
KEPULAUAN BANGKA BELITUNG,2026-02-01,101.837585,1766.767212,0,131.5,0,-1
KEPULAUAN BANGKA BELITUNG,2026-03-01,-219.35583,3120.920751,0,0.0,0,-1
KEPULAUAN BANGKA BELITUNG,2026-04-01,-10.476567,4462.840206,0,0.0,0,-1
KEPULAUAN BANGKA BELITUNG,2026-05-01,-12.890211,6151.772338,0,0.0,0,-1
KEPULAUAN BANGKA BELITUNG,2026-06-01,-12.890211,3843.027162,0,0.0,0,-1
KEPULAUAN RIAU,2025-07-01,-18.660208,13.18333839,0,0.0,0,-1
KEPULAUAN RIAU,2025-08-01,314.77713,8.695065,5,46.5,0,-1
KEPULAUAN RIAU,2025-09-01,345.577,10.434078,6,264.6,0,1
KEPULAUAN RIAU,2025-10-01,327.6483,17.39013,6,251.8,0,-1
KEPULAUAN RIAU,2025-11-01,132.00786,17.39013,2,153.6,0,1
KEPULAUAN RIAU,2025-12-01,171.52475,6.956052,1,294.4,0,1
KEPULAUAN RIAU,2026-01-01,188.01491,6.956052,2,131.6,0,1
KEPULAUAN RIAU,2026-02-01,188.01491,6.956052,2,131.6,0,1
KEPULAUAN RIAU,2026-03-01,-413.04404,24.99209425,0,0.0,0,-1
KEPULAUAN RIAU,2026-04-01,-11.092684,27.57603371,0,0.0,0,-1
KEPULAUAN RIAU,2026-05-01,-27.739605,20.11859418,0,0.0,0,-1
KEPULAUAN RIAU,2026-06-01,-13.5063305,38.59184099,0,0.0,0,-1
LAMPUNG,2025-07-01,14553.107,50940.80661,5,170.8,0,1
LAMPUNG,2025-08-01,14723.155,79553.4046,3,50.4,0,1
LAMPUNG,2025-09-01,14620.086,95464.08553,6,64.4,0,1
LAMPUNG,2025-10-01,14643.453,159106.8092,7,43.1,0,1
LAMPUNG,2025-11-01,14553.357,159106.8092,2,43.7,0,1
LAMPUNG,2025-12-01,14610.683,63642.72368,5,252.1,0,1
LAMPUNG,2026-01-01,14668.711,63642.72368,6,261.3,0,1
LAMPUNG,2026-02-01,14627.901,16482.00166,31,495.2,0,1
LAMPUNG,2026-03-01,15191.928,43509.00114,22,229.3,0,1
LAMPUNG,2026-04-01,15107.451,233672.1045,14,270.2,0,1
LAMPUNG,2026-05-01,15075.939,490181.1519,5,201.9,2,1
LAMPUNG,2026-06-01,14798.99,197352.8896,1,188.2,0,1
MALUKU,2025-07-01,16292.741,2508.39961,5,281.7,0,1
MALUKU,2025-08-01,16222.853,2597.072475,8,10012.2,1,-1
MALUKU,2025-09-01,16211.722,3116.48697,1,30032.6,1,-1
MALUKU,2025-10-01,16199.239,5194.14495,1,9999.0,1,-1
MALUKU,2025-11-01,16124.469,5194.14495,1,10036.0,1,-1
MALUKU,2025-12-01,16094.41,2077.65798,0,10162.7,1,-1
MALUKU,2026-01-01,16078.204,2077.65798,4,20185.5,1,-1
MALUKU,2026-02-01,16002.96,9771.95127,0,0.0,0,1
MALUKU,2026-03-01,16240.716,6660.628088,4,10035.3,1,-1
MALUKU,2026-04-01,16285.54,3691.396405,3,183.7,0,1
MALUKU,2026-05-01,16186.909,4780.862068,2,83.5,0,1
MALUKU,2026-06-01,16127.75,4591.581777,1,197.1,0,1
MALUKU UTARA,2025-07-01,16693.012,1104.095095,7,152.2,0,1
MALUKU UTARA,2025-08-01,16685.59,890.139075,4,104.6,0,1
MALUKU UTARA,2025-09-01,16667.707,1068.16689,6,331.1,0,1
MALUKU UTARA,2025-10-01,16686.375,1780.27815,2,36.2,0,1
MALUKU UTARA,2025-11-01,16724.598,1780.27815,2,82.0,0,1
MALUKU UTARA,2025-12-01,16681.84,712.11126,0,119.1,0,1
MALUKU UTARA,2026-01-01,16649.254,712.11126,9,306.2,0,1
MALUKU UTARA,2026-02-01,16687.582,2830.150562,4,117.5,0,1
MALUKU UTARA,2026-03-01,16737.441,2112.202375,5,232.3,0,1
MALUKU UTARA,2026-04-01,16759.023,959.249235,10,250.0,0,1
MALUKU UTARA,2026-05-01,16635.129,608.4424763,7,321.2,0,1
MALUKU UTARA,2026-06-01,16722.07,1116.575002,3,135.8,0,1
NUSA TENGGARA BARAT,2025-07-01,13807.078,30023.32624,3,0.0,0,1
NUSA TENGGARA BARAT,2025-08-01,13909.937,41422.13855,4,0.0,0,1
NUSA TENGGARA BARAT,2025-09-01,13896.969,49706.56625,1,0.0,0,1
NUSA TENGGARA BARAT,2025-10-01,13365.455,82844.27709,0,0.0,0,1
NUSA TENGGARA BARAT,2025-11-01,13535.525,82844.27709,0,0.0,0,1
NUSA TENGGARA BARAT,2025-12-01,13606.341,33137.71084,12,0.0,0,1
NUSA TENGGARA BARAT,2026-01-01,13719.624,33137.71084,29,0.0,0,1
NUSA TENGGARA BARAT,2026-02-01,13776.225,18152.74672,26,0.0,0,1
NUSA TENGGARA BARAT,2026-03-01,13824.923,27714.44868,26,0.0,0,1
NUSA TENGGARA BARAT,2026-04-01,13841.592,140445.5665,10,0.0,0,1
NUSA TENGGARA BARAT,2026-05-01,13929.326,319600.3538,4,0.0,0,1
NUSA TENGGARA BARAT,2026-06-01,13858.938,133559.7935,4,0.0,0,1
NUSA TENGGARA TIMUR,2025-07-01,15180.458,81778.35833,2,0.0,0,1
NUSA TENGGARA TIMUR,2025-08-01,15091.533,20172.08739,7,0.0,0,1
NUSA TENGGARA TIMUR,2025-09-01,15128.415,24206.50487,2,0.0,0,1
NUSA TENGGARA TIMUR,2025-10-01,15132.476,40344.17478,4,0.0,0,1
NUSA TENGGARA TIMUR,2025-11-01,15125.038,40344.17478,7,0.0,0,1
NUSA TENGGARA TIMUR,2025-12-01,15062.873,16137.66991,1,0.0,0,1
NUSA TENGGARA TIMUR,2026-01-01,15152.06,16137.66991,2,0.0,0,1
NUSA TENGGARA TIMUR,2026-02-01,15114.424,15007.33756,19,0.0,0,1
NUSA TENGGARA TIMUR,2026-03-01,15725.207,6928.617298,15,0.0,0,1
NUSA TENGGARA TIMUR,2026-04-01,15924.445,24648.42347,12,0.0,0,1
NUSA TENGGARA TIMUR,2026-05-01,16062.537,77108.48279,2,0.0,0,1
NUSA TENGGARA TIMUR,2026-06-01,15846.405,158159.4352,6,0.0,0,1
PAPUA,2025-07-01,18384.537,142.8243865,1,0.0,0,1
PAPUA,2025-08-01,17873.24,131.383575,0,30133.2,1,-1
PAPUA,2025-09-01,17806.43,157.66029,0,10102.0,1,-1
PAPUA,2025-10-01,18128.838,262.76715,0,52.0,0,1
PAPUA,2025-11-01,17798.797,262.76715,0,20037.0,1,-1
PAPUA,2025-12-01,18093.56,105.10686,0,0.0,0,1
PAPUA,2026-01-01,18094.594,105.10686,0,69.0,0,1
PAPUA,2026-02-01,18069.1,9.723880334,0,0.0,0,1
PAPUA,2026-03-01,18051.045,78.6414989,2,0.0,0,1
PAPUA,2026-04-01,18158.584,81.16816384,5,0.0,0,1
PAPUA,2026-05-01,18718.918,54.58739003,1,0.0,0,1
PAPUA,2026-06-01,18829.963,149.3260542,0,0.0,0,1
PAPUA BARAT,2025-07-01,16668.035,187.3544138,1,525.5,0,1
PAPUA BARAT,2025-08-01,16705.436,590.780775,0,218.7,0,1
PAPUA BARAT,2025-09-01,16632.848,708.93693,0,1030.1,0,1
PAPUA BARAT,2025-10-01,16696.086,1181.56155,0,204.5,0,1
PAPUA BARAT,2025-11-01,16635.713,1181.56155,0,449.1,0,1
PAPUA BARAT,2025-12-01,16658.275,472.62462,0,299.9,0,1
PAPUA BARAT,2026-01-01,16650.72,472.62462,1,359.7,0,1
PAPUA BARAT,2026-02-01,16659.455,406.6610875,1,406.3,0,1
PAPUA BARAT,2026-03-01,16724.105,195.6113342,1,105.1,0,1
PAPUA BARAT,2026-04-01,16754.738,624.2515041,0,418.0,0,1
PAPUA BARAT,2026-05-01,16680.709,1321.113644,1,324.8,0,1
PAPUA BARAT,2026-06-01,16707.63,1548.873265,2,293.7,0,1
RIAU,2025-07-01,16067.883,11278.43847,23,273.6,0,1
RIAU,2025-08-01,16048.912,6328.587735,5,26.8,0,1
RIAU,2025-09-01,16057.022,7594.305282,0,133.8,0,1
RIAU,2025-10-01,16025.208,12657.17547,0,61.2,0,1
RIAU,2025-11-01,16060.56,12657.17547,5,198.8,0,1
RIAU,2025-12-01,16037.807,5062.870188,6,484.3,0,1
RIAU,2026-01-01,16049.975,5062.870188,9,271.9,0,1
RIAU,2026-02-01,15985.91,8714.863774,26,515.8,0,1
RIAU,2026-03-01,16087.995,16419.66473,36,438.3,0,1
RIAU,2026-04-01,16139.249,25270.28312,32,255.8,0,1
RIAU,2026-05-01,16017.654,10075.04991,5,383.0,0,1
RIAU,2026-06-01,16034.412,12176.61522,6,204.4,0,1
SULAWESI BARAT,2025-07-01,13556.223,12699.80207,0,55.0,0,1
SULAWESI BARAT,2025-08-01,13526.712,9087.982815,1,10014.1,1,-1
SULAWESI BARAT,2025-09-01,13694.38,10905.57938,2,8.0,0,1
SULAWESI BARAT,2025-10-01,13948.095,18175.96563,0,79.0,0,1
SULAWESI BARAT,2025-11-01,13769.568,18175.96563,3,164.2,0,1
SULAWESI BARAT,2025-12-01,13767.664,7270.386252,3,130.2,0,1
SULAWESI BARAT,2026-01-01,13824.59,7270.386252,5,20379.6,1,-1
SULAWESI BARAT,2026-02-01,13915.289,14385.18977,4,136.3,0,1
SULAWESI BARAT,2026-03-01,13873.009,11899.5382,2,10244.9,1,-1
SULAWESI BARAT,2026-04-01,13997.616,31524.30716,2,10155.6,1,-1
SULAWESI BARAT,2026-05-01,13901.77,32935.59212,0,61.2,0,1
SULAWESI BARAT,2026-06-01,13671.016,16168.18254,2,176.6,0,1
SULAWESI SELATAN,2025-07-01,13550.477,80464.76758,7,262.4,0,1
SULAWESI SELATAN,2025-08-01,13559.208,137325.2376,9,158.0,0,1
SULAWESI SELATAN,2025-09-01,13523.815,164790.2851,7,71.8,0,1
SULAWESI SELATAN,2025-10-01,13516.015,274650.4752,13,63.8,0,1
SULAWESI SELATAN,2025-11-01,13501.894,274650.4752,9,85.4,0,1
SULAWESI SELATAN,2025-12-01,13535.434,109860.1901,13,295.2,0,1
SULAWESI SELATAN,2026-01-01,13467.929,109860.1901,28,183.1,0,1
SULAWESI SELATAN,2026-02-01,13421.081,36869.47316,14,273.9,0,1
SULAWESI SELATAN,2026-03-01,13510.67,37074.68558,35,224.1,0,1
SULAWESI SELATAN,2026-04-01,13589.479,395320.3642,11,241.4,2,1
SULAWESI SELATAN,2026-05-01,13564.222,682605.8879,11,378.2,2,1
SULAWESI SELATAN,2026-06-01,13551.288,286649.6832,8,262.8,0,1
SULAWESI TENGAH,2025-07-01,14543.302,57082.31051,7,217.1,0,1
SULAWESI TENGAH,2025-08-01,14577.46,21715.18712,11,328.1,0,1
SULAWESI TENGAH,2025-09-01,14726.333,26058.22454,5,359.5,0,1
SULAWESI TENGAH,2025-10-01,14691.888,43430.37423,5,10137.4,1,-1
SULAWESI TENGAH,2025-11-01,14678.449,43430.37423,3,174.5,0,1
SULAWESI TENGAH,2025-12-01,14669.813,17372.14969,3,147.4,0,1
SULAWESI TENGAH,2026-01-01,14708.023,17372.14969,6,343.2,0,1
SULAWESI TENGAH,2026-02-01,14745.167,27977.95008,17,594.6,0,1
SULAWESI TENGAH,2026-03-01,15037.073,47315.47125,14,195.7,0,1
SULAWESI TENGAH,2026-04-01,14910.603,33003.10951,24,511.5,0,1
SULAWESI TENGAH,2026-05-01,14891.518,54529.15564,6,241.3,0,1
SULAWESI TENGAH,2026-06-01,14752.605,57902.13166,7,353.0,0,1
SULAWESI TENGGARA,2025-07-01,15264.349,32622.35731,4,184.6,0,1
SULAWESI TENGGARA,2025-08-01,15254.415,15841.32828,6,242.9,0,1
SULAWESI TENGGARA,2025-09-01,15190.782,19009.59394,0,52.6,0,1
SULAWESI TENGGARA,2025-10-01,15078.421,31682.65656,0,99.3,0,1
SULAWESI TENGGARA,2025-11-01,15089.145,31682.65656,0,117.0,0,1
SULAWESI TENGGARA,2025-12-01,15058.759,12673.06262,0,291.6,0,1
SULAWESI TENGGARA,2026-01-01,15202.211,12673.06262,0,276.2,0,1
SULAWESI TENGGARA,2026-02-01,15171.669,19594.05846,1,151.1,0,1
SULAWESI TENGGARA,2026-03-01,15845.05,19795.12201,0,180.8,0,1
SULAWESI TENGGARA,2026-04-01,16073.701,16818.13362,2,185.9,0,1
SULAWESI TENGGARA,2026-05-01,16030.737,47258.63691,0,298.5,0,1
SULAWESI TENGGARA,2026-06-01,16021.631,58942.76494,1,375.1,0,1
SULAWESI UTARA,2025-07-01,14651.512,13434.20136,0,322.1,0,1
SULAWESI UTARA,2025-08-01,14568.574,7784.34579,1,228.1,0,1
SULAWESI UTARA,2025-09-01,14598.414,9341.214948,1,157.1,0,1
SULAWESI UTARA,2025-10-01,14577.175,15568.69158,0,175.8,0,1
SULAWESI UTARA,2025-11-01,14519.612,15568.69158,1,204.3,0,1
SULAWESI UTARA,2025-12-01,14603.483,6227.476632,3,327.3,0,1
SULAWESI UTARA,2026-01-01,14662.625,6227.476632,3,579.6,0,1
SULAWESI UTARA,2026-02-01,14631.955,8048.809086,5,541.9,0,1
SULAWESI UTARA,2026-03-01,15035.292,15225.27373,2,450.3,0,1
SULAWESI UTARA,2026-04-01,14972.944,18084.35456,9,465.2,0,1
SULAWESI UTARA,2026-05-01,14911.386,13683.40594,2,312.3,0,1
SULAWESI UTARA,2026-06-01,14904.9795,12789.83897,6,356.8,0,1
SUMATERA BARAT,2025-07-01,16784.367,73161.06999,6,422.9,0,1
SUMATERA BARAT,2025-08-01,16628.137,38659.33601,8,82.8,0,1
SUMATERA BARAT,2025-09-01,16637.088,46391.20321,5,371.5,0,1
SUMATERA BARAT,2025-10-01,16904.166,77318.67201,5,262.7,0,1
SUMATERA BARAT,2025-11-01,17084.484,77318.67201,13,632.0,0,1
SUMATERA BARAT,2025-12-01,16981.719,30927.4688,6,345.8,0,1
SUMATERA BARAT,2026-01-01,16899.232,30927.4688,3,625.2,0,1
SUMATERA BARAT,2026-02-01,17063.45,84366.73804,3,540.2,0,1
SUMATERA BARAT,2026-03-01,17218.7,97689.13287,10,339.7,0,1
SUMATERA BARAT,2026-04-01,17398.91,98541.11518,5,580.5,0,1
SUMATERA BARAT,2026-05-01,16834.13,58321.9091,0,336.5,0,1
SUMATERA BARAT,2026-06-01,17113.727,62520.57054,1,251.8,0,1
SUMATERA SELATAN,2025-07-01,14917.048,130317.3199,4,58.7,0,1
SUMATERA SELATAN,2025-08-01,14785.636,82918.2326,37,131.8,0,1
SUMATERA SELATAN,2025-09-01,14644.956,99501.87911,77,16.6,2,1
SUMATERA SELATAN,2025-10-01,14684.174,165836.4652,51,196.2,2,1
SUMATERA SELATAN,2025-11-01,14694.109,165836.4652,27,147.6,0,1
SUMATERA SELATAN,2025-12-01,14698.818,66334.58608,13,303.5,0,1
SUMATERA SELATAN,2026-01-01,14732.649,66334.58608,2,363.5,0,1
SUMATERA SELATAN,2026-02-01,14735.084,164566.7655,13,224.8,0,1
SUMATERA SELATAN,2026-03-01,15137.765,276537.3978,12,343.9,0,1
SUMATERA SELATAN,2026-04-01,15188.9375,302334.8664,23,533.3,0,1
SUMATERA SELATAN,2026-05-01,15055.89,246939.9322,4,387.6,0,1
SUMATERA SELATAN,2026-06-01,15124.569,119974.5319,4,175.2,0,1
SUMATERA UTARA,2025-07-01,14115.924,136520.2079,17,149.1,0,1
SUMATERA UTARA,2025-08-01,14151.129,62838.95203,78,63.1,2,1
SUMATERA UTARA,2025-09-01,14199.08,75406.74244,26,272.6,0,1
SUMATERA UTARA,2025-10-01,14154.866,125677.9041,29,451.2,0,1
SUMATERA UTARA,2025-11-01,14175.5,125677.9041,60,388.0,2,1
SUMATERA UTARA,2025-12-01,14128.794,50271.16163,32,337.7,0,1
SUMATERA UTARA,2026-01-01,14122.644,50271.16163,15,168.8,0,1
SUMATERA UTARA,2026-02-01,14099.357,111390.5626,20,324.9,0,1
SUMATERA UTARA,2026-03-01,14071.926,230841.713,10,158.8,0,1
SUMATERA UTARA,2026-04-01,14075.651,192846.964,17,67.7,0,1
SUMATERA UTARA,2026-05-01,14071.386,104902.666,11,189.3,0,1
SUMATERA UTARA,2026-06-01,14121.071,119498.5886,18,180.6,0,1
